arcs,build_source_hash,candidates_examined,capacity_mode,certification_seconds,command,complete_sequence,configuration,degenerate_pivots,direction_seconds,end_to_end_seconds,family,flow_augmentations,flow_solves,full_rebuilds,instance,instance_path,instance_sha256,local_rebuilds,macroitems,message,nodes,objective,oracle_calls,origin,peak_rss_bytes,pivots,preprocessing_seconds,pricing_seconds,ratio_test_seconds,rebuilt_nodes,removed_arcs,replica,run_id,runner_seconds,status,total_seconds,update_seconds,verified
1999,493f6f942eca3576ac0253ad50581fbe0469e8e417d3f97011c676f7789871fd,0,"""instance""",0.000232032,"['taskset', '-c', '2', '<project>/build/release/pclp', 'solve', '--instance', '<project>/data/generated/gen_chain_plain_n2000_uniform_neg30_r0.json', '--config', '<project>/experiments/runs/pilot/bcaeee65fba26e8d/resolved_config.json', '--output', '<project>/experiments/runs/pilot/bcaeee65fba26e8d/result.json']",False,dinkelbach,0,0.0,0.225169089,chain,52383,64,0,gen_chain_plain_n2000_uniform_neg30_r0,data/generated/gen_chain_plain_n2000_uniform_neg30_r0.json,24b519dbe2874823630864dcfee5e11cedf443892d43fd14ba00bd55c2593e27,0,11,,2000,15844.804659498208,12,generated,26750976,0,0.000337293,0.0,0.0,0,0,0,bcaeee65fba26e8d,0.23056625899334904,optimal,0.222664785,0.0,True
1999,493f6f942eca3576ac0253ad50581fbe0469e8e417d3f97011c676f7789871fd,18497764,"""instance""",0.000226001,"['taskset', '-c', '2', '<project>/build/release/pclp', 'solve', '--instance', '<project>/data/generated/gen_chain_plain_n2000_uniform_neg30_r0.json', '--config', '<project>/experiments/runs/pilot/d274256990e1d491/resolved_config.json', '--output', '<project>/experiments/runs/pilot/d274256990e1d491/result.json']",False,forest-reference,10630,0.02524596,0.656022864,chain,0,0,10851,gen_chain_plain_n2000_uniform_neg30_r0,data/generated/gen_chain_plain_n2000_uniform_neg30_r0.json,24b519dbe2874823630864dcfee5e11cedf443892d43fd14ba00bd55c2593e27,0,11,,2000,15844.804659498208,12,generated,26750976,10839,0.000377818,0.135707897,0.062554765,18508615,0,0,d274256990e1d491,0.6634300569858169,optimal,0.65322065,0.423909349,True
1999,493f6f942eca3576ac0253ad50581fbe0469e8e417d3f97011c676f7789871fd,558114,"""instance""",0.000225909,"['taskset', '-c', '2', '<project>/build/release/pclp', 'solve', '--instance', '<project>/data/generated/gen_chain_plain_n2000_uniform_neg30_r0.json', '--config', '<project>/experiments/runs/pilot/498494581affb91e/resolved_config.json', '--output', '<project>/experiments/runs/pilot/498494581affb91e/result.json']",False,forest-tuned,3495,0.011866526,0.06842535,chain,0,0,25,gen_chain_plain_n2000_uniform_neg30_r0,data/generated/gen_chain_plain_n2000_uniform_neg30_r0.json,24b519dbe2874823630864dcfee5e11cedf443892d43fd14ba00bd55c2593e27,3509,11,,2000,15844.804659498208,12,generated,26750976,3522,0.00032376,0.00472222,0.005818768,1570993,0,0,498494581affb91e,0.07403341500321403,optimal,0.065857535,0.038181385,True
1999,493f6f942eca3576ac0253ad50581fbe0469e8e417d3f97011c676f7789871fd,0,"""instance""",0.000222039,"['taskset', '-c', '2', '<project>/build/release/pclp', 'solve', '--instance', '<project>/data/generated/gen_chain_plain_n2000_uniform_neg30_r0.json', '--config', '<project>/experiments/runs/pilot/70a90ee9d9478510/resolved_config.json', '--output', '<project>/experiments/runs/pilot/70a90ee9d9478510/result.json']",False,parametric,0,0.0,0.042437523,chain,8476,23,0,gen_chain_plain_n2000_uniform_neg30_r0,data/generated/gen_chain_plain_n2000_uniform_neg30_r0.json,24b519dbe2874823630864dcfee5e11cedf443892d43fd14ba00bd55c2593e27,0,11,,2000,15844.804659498208,22,generated,26750976,0,0.00030952,0.0,0.0,0,0,0,70a90ee9d9478510,0.047930814005667344,optimal,0.040098925,0.0,True
2009,493f6f942eca3576ac0253ad50581fbe0469e8e417d3f97011c676f7789871fd,0,"""instance""",0.000169478,"['taskset', '-c', '2', '<project>/build/release/pclp', 'solve', '--instance', '<project>/data/generated/gen_cyclic_components10_n2000_uniform_neg30_r0.json', '--config', '<project>/experiments/runs/pilot/69b08c93740ff2e4/resolved_config.json', '--output', '<project>/experiments/runs/pilot/69b08c93740ff2e4/result.json']",True,dinkelbach,0,0.0,0.002750476,cyclic,18,3,0,gen_cyclic_components10_n2000_uniform_neg30_r0,data/generated/gen_cyclic_components10_n2000_uniform_neg30_r0.json,0e5478e1b4047ae5800d9858ca0dc3451d9582e813b9a356c2940944a19835e5,0,1,,2000,14832.75,1,generated,26750976,0,0.000233113,0.0,0.0,0,0,0,69b08c93740ff2e4,0.00661539999418892,optimal,0.000427147,0.0,True
2009,493f6f942eca3576ac0253ad50581fbe0469e8e417d3f97011c676f7789871fd,90,"""instance""",0.000179495,"['taskset', '-c', '2', '<project>/build/release/pclp', 'solve', '--instance', '<project>/data/generated/gen_cyclic_components10_n2000_uniform_neg30_r0.json', '--config', '<project>/experiments/runs/pilot/7f94f2b27247f181/resolved_config.json', '--output', '<project>/experiments/runs/pilot/7f94f2b27247f181/result.json']",True,forest-reference,3,8.74e-07,0.002850882,cyclic,0,0,10,gen_cyclic_components10_n2000_uniform_neg30_r0,data/generated/gen_cyclic_components10_n2000_uniform_neg30_r0.json,0e5478e1b4047ae5800d9858ca0dc3451d9582e813b9a356c2940944a19835e5,0,1,,2000,14832.75,1,generated,26750976,9,0.000244423,1.395e-06,1.375e-06,100,0,0,7f94f2b27247f181,0.007622246004757471,optimal,0.000443545,3.891e-06,True
2009,493f6f942eca3576ac0253ad50581fbe0469e8e417d3f97011c676f7789871fd,9,"""instance""",0.000176934,"['taskset', '-c', '2', '<project>/build/release/pclp', 'solve', '--instance', '<project>/data/generated/gen_cyclic_components10_n2000_uniform_neg30_r0.json', '--config', '<project>/experiments/runs/pilot/d7fe737993cc42fe/resolved_config.json', '--output', '<project>/experiments/runs/pilot/d7fe737993cc42fe/result.json']",True,forest-tuned,0,0.0,0.002843456,cyclic,0,0,1,gen_cyclic_components10_n2000_uniform_neg30_r0,data/generated/gen_cyclic_components10_n2000_uniform_neg30_r0.json,0e5478e1b4047ae5800d9858ca0dc3451d9582e813b9a356c2940944a19835e5,0,1,,2000,14832.75,1,generated,26750976,0,0.000232129,3.81e-07,0.0,10,0,0,d7fe737993cc42fe,0.006736733004800044,optimal,0.00042155,1.843e-06,True
2009,493f6f942eca3576ac0253ad50581fbe0469e8e417d3f97011c676f7789871fd,0,"""instance""",0.000164481,"['taskset', '-c', '2', '<project>/build/release/pclp', 'solve', '--instance', '<project>/data/generated/gen_cyclic_components10_n2000_uniform_neg30_r0.json', '--config', '<project>/experiments/runs/pilot/312421d9b1a66942/resolved_config.json', '--output', '<project>/experiments/runs/pilot/312421d9b1a66942/result.json']",False,parametric,0,0.0,0.00271526,cyclic,9,2,0,gen_cyclic_components10_n2000_uniform_neg30_r0,data/generated/gen_cyclic_components10_n2000_uniform_neg30_r0.json,0e5478e1b4047ae5800d9858ca0dc3451d9582e813b9a356c2940944a19835e5,0,1,,2000,14832.75,2,generated,26750976,0,0.000230076,0.0,0.0,0,0,0,312421d9b1a66942,0.006615673002670519,optimal,0.000417277,0.0,True
31979,493f6f942eca3576ac0253ad50581fbe0469e8e417d3f97011c676f7789871fd,0,"""instance""",0.000884829,"['taskset', '-c', '2', '<project>/build/release/pclp', 'solve', '--instance', '<project>/data/generated/gen_dense_density0.1_n800_uniform_neg30_r0.json', '--config', '<project>/experiments/runs/pilot/cab41e6018e997f3/resolved_config.json', '--output', '<project>/experiments/runs/pilot/cab41e6018e997f3/result.json']",False,dinkelbach,0,0.0,0.642308679,dense,32213,110,0,gen_dense_density0.1_n800_uniform_neg30_r0,data/generated/gen_dense_density0.1_n800_uniform_neg30_r0.json,a4f603074fc44d53ac349f4abd7c3e033cba8af3dab02149a4e09212f678cf6a,0,18,,800,6881.598944591029,19,generated,26091520,0,0.001826311,0.0,0.0,0,0,0,cab41e6018e997f3,0.6516160769970156,optimal,0.622420336,0.0,True
31979,493f6f942eca3576ac0253ad50581fbe0469e8e417d3f97011c676f7789871fd,173535024,"""instance""",0.0,"['taskset', '-c', '2', '<project>/build/release/pclp', 'solve', '--instance', '<project>/data/generated/gen_dense_density0.1_n800_uniform_neg30_r0.json', '--config', '<project>/experiments/runs/pilot/f545188a82b78b57/resolved_config.json', '--output', '<project>/experiments/runs/pilot/f545188a82b78b57/result.json']",False,forest-reference,218828,0.370629708,30.019219737,dense,0,0,218839,gen_dense_density0.1_n800_uniform_neg30_r0,data/generated/gen_dense_density0.1_n800_uniform_neg30_r0.json,a4f603074fc44d53ac349f4abd7c3e033cba8af3dab02149a4e09212f678cf6a,0,4,residual oracle did not certify optimality,800,0.0,5,generated,22917120,218834,0.001901782,1.081921127,24.41817429,173754655,0,0,f545188a82b78b57,30.026379757007817,time_limit,30.000341177,3.905162288,False
31979,493f6f942eca3576ac0253ad50581fbe0469e8e417d3f97011c676f7789871fd,2471298,"""instance""",0.000921921,"['taskset', '-c', '2', '<project>/build/release/pclp', 'solve', '--instance', '<project>/data/generated/gen_dense_density0.1_n800_uniform_neg30_r0.json', '--config', '<project>/experiments/runs/pilot/d1c204e8254b9647/resolved_config.json', '--output', '<project>/experiments/runs/pilot/d1c204e8254b9647/result.json']",False,forest-tuned,26618,0.061448457,0.587138813,dense,0,0,123,gen_dense_density0.1_n800_uniform_neg30_r0,data/generated/gen_dense_density0.1_n800_uniform_neg30_r0.json,a4f603074fc44d53ac349f4abd7c3e033cba8af3dab02149a4e09212f678cf6a,26618,18,,800,6881.598944591029,19,generated,22917120,26722,0.002044596,0.027206455,0.077901877,11074332,0,0,d1c204e8254b9647,0.5967540529964026,optimal,0.566784627,0.361927376,True
31979,493f6f942eca3576ac0253ad50581fbe0469e8e417d3f97011c676f7789871fd,0,"""instance""",0.000933873,"['taskset', '-c', '2', '<project>/build/release/pclp', 'solve', '--instance', '<project>/data/generated/gen_dense_density0.1_n800_uniform_neg30_r0.json', '--config', '<project>/experiments/runs/pilot/6fb51c55196de3b2/resolved_config.json', '--output', '<project>/experiments/runs/pilot/6fb51c55196de3b2/result.json']",False,parametric,0,0.0,0.110715801,dense,4216,37,0,gen_dense_density0.1_n800_uniform_neg30_r0,data/generated/gen_dense_density0.1_n800_uniform_neg30_r0.json,a4f603074fc44d53ac349f4abd7c3e033cba8af3dab02149a4e09212f678cf6a,0,18,,800,6881.598944591029,36,generated,26742784,0,0.002179589,0.0,0.0,0,0,0,6fb51c55196de3b2,0.12047124600212555,optimal,0.091091069,0.0,True
1993,493f6f942eca3576ac0253ad50581fbe0469e8e417d3f97011c676f7789871fd,0,"""instance""",0.000241498,"['taskset', '-c', '2', '<project>/build/release/pclp', 'solve', '--instance', '<project>/data/generated/gen_disconnected_components6_n2000_uniform_neg30_r0.json', '--config', '<project>/experiments/runs/pilot/fb885ccd79cd5c15/resolved_config.json', '--output', '<project>/experiments/runs/pilot/fb885ccd79cd5c15/result.json']",False,dinkelbach,0,0.0,0.897620246,disconnected,833123,5106,0,gen_disconnected_components6_n2000_uniform_neg30_r0,data/generated/gen_disconnected_components6_n2000_uniform_neg30_r0.json,66b6c3b18dce9f7bf7f5193769ac2ee6fcccc28023d6b2d06e9064f83c38de96,0,458,,2000,36857.0,459,generated,26750976,0,0.000384215,0.0,0.0,0,0,0,fb885ccd79cd5c15,0.905760741996346,optimal,0.895068823,0.0,True
1993,493f6f942eca3576ac0253ad50581fbe0469e8e417d3f97011c676f7789871fd,169020055,"""instance""",0.000254704,"['taskset', '-c', '2', '<project>/build/release/pclp', 'solve', '--instance', '<project>/data/generated/gen_disconnected_components6_n2000_uniform_neg30_r0.json', '--config', '<project>/experiments/runs/pilot/c88ae649aa31b66e/resolved_config.json', '--output', '<project>/experiments/runs/pilot/c88ae649aa31b66e/result.json']",False,forest-reference,125168,0.166115149,4.357882708,disconnected,0,0,131577,gen_disconnected_components6_n2000_uniform_neg30_r0,data/generated/gen_disconnected_components6_n2000_uniform_neg30_r0.json,66b6c3b18dce9f7bf7f5193769ac2ee6fcccc28023d6b2d06e9064f83c38de96,0,458,,2000,36857.0,728,generated,26750976,130849,0.000327496,1.069658717,0.407237116,169151632,0,0,c88ae649aa31b66e,4.364901515000383,optimal,4.355319239,2.645740283,True
1993,493f6f942eca3576ac0253ad50581fbe0469e8e417d3f97011c676f7789871fd,15220210,"""instance""",0.000244848,"['taskset', '-c', '2', '<project>/build/release/pclp', 'solve', '--instance', '<project>/data/generated/gen_disconnected_components6_n2000_uniform_neg30_r0.json', '--config', '<project>/experiments/runs/pilot/afd76041ed2059a8/resolved_config.json', '--output', '<project>/experiments/runs/pilot/afd76041ed2059a8/result.json']",False,forest-tuned,249017,0.362752299,1.056117483,disconnected,0,0,1433,gen_disconnected_components6_n2000_uniform_neg30_r0,data/generated/gen_disconnected_components6_n2000_uniform_neg30_r0.json,66b6c3b18dce9f7bf7f5193769ac2ee6fcccc28023d6b2d06e9064f83c38de96,248417,458,,2000,36857.0,459,generated,26750976,249391,0.000382739,0.162912514,0.261965957,3272527,0,0,afd76041ed2059a8,1.0633092019998003,optimal,1.053260602,0.12378751100000002,True
1993,493f6f942eca3576ac0253ad50581fbe0469e8e417d3f97011c676f7789871fd,0,"""instance""",0.00024343,"['taskset', '-c', '2', '<project>/build/release/pclp', 'solve', '--instance', '<project>/data/generated/gen_disconnected_components6_n2000_uniform_neg30_r0.json', '--config', '<project>/experiments/runs/pilot/9e1f9204ed156436/resolved_config.json', '--output', '<project>/experiments/runs/pilot/9e1f9204ed156436/result.json']",False,parametric,0,0.0,0.05579895,disconnected,8072,917,0,gen_disconnected_components6_n2000_uniform_neg30_r0,data/generated/gen_disconnected_components6_n2000_uniform_neg30_r0.json,66b6c3b18dce9f7bf7f5193769ac2ee6fcccc28023d6b2d06e9064f83c38de96,0,458,,2000,36857.0,916,generated,26750976,0,0.000350108,0.0,0.0,0,0,0,9e1f9204ed156436,0.06218084400461521,optimal,0.053189692,0.0,True
0,493f6f942eca3576ac0253ad50581fbe0469e8e417d3f97011c676f7789871fd,0,"""instance""",0.000200086,"['taskset', '-c', '2', '<project>/build/release/pclp', 'solve', '--instance', '<project>/data/generated/gen_empty_plain_n2000_uniform_neg30_r0.json', '--config', '<project>/experiments/runs/pilot/5392728c694a386d/resolved_config.json', '--output', '<project>/experiments/runs/pilot/5392728c694a386d/result.json']",False,dinkelbach,0,0.0,0.2380916,empty,0,5907,0,gen_empty_plain_n2000_uniform_neg30_r0,data/generated/gen_empty_plain_n2000_uniform_neg30_r0.json,35817d1c1aafd47a030dfa03b1ebfca0690ff6596363b8ec045a4e63a6ce7876,0,507,,2000,48078.02777777778,508,generated,26750976,0,0.000288798,0.0,0.0,0,0,0,5392728c694a386d,0.24329157300235238,optimal,0.236512198,0.0,True
0,493f6f942eca3576ac0253ad50581fbe0469e8e417d3f97011c676f7789871fd,13605008,"""instance""",0.000200807,"['taskset', '-c', '2', '<project>/build/release/pclp', 'solve', '--instance', '<project>/data/generated/gen_empty_plain_n2000_uniform_neg30_r0.json', '--config', '<project>/experiments/runs/pilot/ebd8369c4ed9b97b/resolved_config.json', '--output', '<project>/experiments/runs/pilot/ebd8369c4ed9b97b/result.json']",False,forest-reference,0,0.012171853,0.331000169,empty,0,0,10402,gen_empty_plain_n2000_uniform_neg30_r0,data/generated/gen_empty_plain_n2000_uniform_neg30_r0.json,35817d1c1aafd47a030dfa03b1ebfca0690ff6596363b8ec045a4e63a6ce7876,0,507,,2000,48078.02777777778,1419,generated,26750976,8983,0.000265552,0.091428245,0.00409064,13615410,0,0,ebd8369c4ed9b97b,0.3367192570003681,optimal,0.329491762,0.186716985,True
0,493f6f942eca3576ac0253ad50581fbe0469e8e417d3f97011c676f7789871fd,672675,"""instance""",0.000198648,"['taskset', '-c', '2', '<project>/build/release/pclp', 'solve', '--instance', '<project>/data/generated/gen_empty_plain_n2000_uniform_neg30_r0.json', '--config', '<project>/experiments/runs/pilot/666f1dbfe3e02f9f/resolved_config.json', '--output', '<project>/experiments/runs/pilot/666f1dbfe3e02f9f/result.json']",False,forest-tuned,0,0.0,0.049227692,empty,0,0,508,gen_empty_plain_n2000_uniform_neg30_r0,data/generated/gen_empty_plain_n2000_uniform_neg30_r0.json,35817d1c1aafd47a030dfa03b1ebfca0690ff6596363b8ec045a4e63a6ce7876,0,507,,2000,48078.02777777778,508,generated,26750976,0,0.000275447,0.004651301,0.0,673183,0,0,666f1dbfe3e02f9f,0.054634612999507226,optimal,0.047674194,0.009829743,True
0,493f6f942eca3576ac0253ad50581fbe0469e8e417d3f97011c676f7789871fd,0,"""instance""",0.000219996,"['taskset', '-c', '2', '<project>/build/release/pclp', 'solve', '--instance', '<project>/data/generated/gen_empty_plain_n2000_uniform_neg30_r0.json', '--config', '<project>/experiments/runs/pilot/a5d718024844ec91/resolved_config.json', '--output', '<project>/experiments/runs/pilot/a5d718024844ec91/result.json']",False,parametric,0,0.0,0.028364833,empty,0,1015,0,gen_empty_plain_n2000_uniform_neg30_r0,data/generated/gen_empty_plain_n2000_uniform_neg30_r0.json,35817d1c1aafd47a030dfa03b1ebfca0690ff6596363b8ec045a4e63a6ce7876,0,507,,2000,48078.02777777778,1014,generated,26750976,0,0.000273019,0.0,0.0,0,0,0,a5d718024844ec91,0.03250448399921879,optimal,0.026822562,0.0,True
21972,493f6f942eca3576ac0253ad50581fbe0469e8e417d3f97011c676f7789871fd,0,"""instance""",0.000667894,"['taskset', '-c', '2', '<project>/build/release/pclp', 'solve', '--instance', '<project>/data/generated/gen_layered_levels8-density0.05_n2000_uniform_neg30_r0.json', '--config', '<project>/experiments/runs/pilot/98e9f3a205ae813d/resolved_config.json', '--output', '<project>/experiments/runs/pilot/98e9f3a205ae813d/result.json']",False,dinkelbach,0,0.0,2.396752593,layered,961178,1529,0,gen_layered_levels8-density0.05_n2000_uniform_neg30_r0,data/generated/gen_layered_levels8-density0.05_n2000_uniform_neg30_r0.json,a8431ff0856f9b0b7110f257576ea40e8e79b644796d5171398c0b33c0844cc1,0,153,,2000,21082.71434169279,154,generated,26750976,0,0.002115861,0.0,0.0,0,0,0,98e9f3a205ae813d,2.4049846190027893,optimal,2.373577551,0.0,True
21972,493f6f942eca3576ac0253ad50581fbe0469e8e417d3f97011c676f7789871fd,443267590,"""instance""",0.0,"['taskset', '-c', '2', '<project>/build/release/pclp', 'solve', '--instance', '<project>/data/generated/gen_layered_levels8-density0.05_n2000_uniform_neg30_r0.json', '--config', '<project>/experiments/runs/pilot/6ba5cac589e10204/resolved_config.json', '--output', '<project>/experiments/runs/pilot/6ba5cac589e10204/result.json']",False,forest-reference,228951,0.709702694,30.014816856,layered,0,0,229404,gen_layered_levels8-density0.05_n2000_uniform_neg30_r0,data/generated/gen_layered_levels8-density0.05_n2000_uniform_neg30_r0.json,a8431ff0856f9b0b7110f257576ea40e8e79b644796d5171398c0b33c0844cc1,0,66,residual oracle did not certify optimality,2000,0.0,76,generated,26750976,229328,0.001644446,2.564431132,16.84072294,443498918,0,0,6ba5cac589e10204,30.022416412000894,time_limit,30.000167462,9.536911657,False
21972,493f6f942eca3576ac0253ad50581fbe0469e8e417d3f97011c676f7789871fd,230857339,"""instance""",0.0,"['taskset', '-c', '2', '<project>/build/release/pclp', 'solve', '--instance', '<project>/data/generated/gen_layered_levels8-density0.05_n2000_uniform_neg30_r0.json', '--config', '<project>/experiments/runs/pilot/32f8bb7dfe299606/resolved_config.json', '--output', '<project>/experiments/runs/pilot/32f8bb7dfe299606/result.json']",False,forest-tuned,585166,1.776535224,30.014032827,layered,0,0,2385,gen_layered_levels8-density0.05_n2000_uniform_neg30_r0,data/generated/gen_layered_levels8-density0.05_n2000_uniform_neg30_r0.json,a8431ff0856f9b0b7110f257576ea40e8e79b644796d5171398c0b33c0844cc1,583145,98,residual oracle did not certify optimality,2000,0.0,99,generated,26750976,585431,0.001564786,1.979000118,9.875210158,434309733,0,0,32f8bb7dfe299606,30.022004479993484,time_limit,30.00016904,15.304721965,False
21972,493f6f942eca3576ac0253ad50581fbe0469e8e417d3f97011c676f7789871fd,0,"""instance""",0.001134123,"['taskset', '-c', '2', '<project>/build/release/pclp', 'solve', '--instance', '<project>/data/generated/gen_layered_levels8-density0.05_n2000_uniform_neg30_r0.json', '--config', '<project>/experiments/runs/pilot/6517b8e868a6f24b/resolved_config.json', '--output', '<project>/experiments/runs/pilot/6517b8e868a6f24b/result.json']",False,parametric,0,0.0,0.088808531,layered,9247,307,0,gen_layered_levels8-density0.05_n2000_uniform_neg30_r0,data/generated/gen_layered_levels8-density0.05_n2000_uniform_neg30_r0.json,a8431ff0856f9b0b7110f257576ea40e8e79b644796d5171398c0b33c0844cc1,0,153,,2000,21082.71434169279,306,generated,26750976,0,0.002412014,0.0,0.0,0,0,0,6517b8e868a6f24b,0.10016675299266353,optimal,0.064982346,0.0,True
59964,493f6f942eca3576ac0253ad50581fbe0469e8e417d3f97011c676f7789871fd,0,"""instance""",0.0,"['taskset', '-c', '2', '<project>/build/release/pclp', 'solve', '--instance', '<project>/data/generated/gen_sparse_degree3_n20000_uniform_neg30_r0.json', '--config', '<project>/experiments/runs/pilot/ec29351f34344699/resolved_config.json', '--output', '<project>/experiments/runs/pilot/ec29351f34344699/result.json']",False,dinkelbach,0,0.0,30.063591928,sparse,0,0,0,gen_sparse_degree3_n20000_uniform_neg30_r0,data/generated/gen_sparse_degree3_n20000_uniform_neg30_r0.json,ddbf6fbbbcad0c986a5872181b04ee88907a56ff9f49139bd3c3330812bb5ca5,0,0,time limit reached before a maximum flow,20000,0.0,42,generated,32116736,0,0.006483256,0.0,0.0,0,0,0,ec29351f34344699,30.074403794002137,time_limit,30.015453281,0.0,False
59964,493f6f942eca3576ac0253ad50581fbe0469e8e417d3f97011c676f7789871fd,461693984,"""instance""",0.0,"['taskset', '-c', '2', '<project>/build/release/pclp', 'solve', '--instance', '<project>/data/generated/gen_sparse_degree3_n20000_uniform_neg30_r0.json', '--config', '<project>/experiments/runs/pilot/3ce8deb771c01924/resolved_config.json', '--output', '<project>/experiments/runs/pilot/3ce8deb771c01924/result.json']",False,forest-reference,23065,1.112191616,30.052326344,sparse,0,0,23088,gen_sparse_degree3_n20000_uniform_neg30_r0,data/generated/gen_sparse_degree3_n20000_uniform_neg30_r0.json,ddbf6fbbbcad0c986a5872181b04ee88907a56ff9f49139bd3c3330812bb5ca5,0,1,residual oracle did not certify optimality,20000,0.0,2,generated,29368320,23086,0.006458472,4.358786999,6.888362734,461737070,0,0,3ce8deb771c01924,30.06265818499378,time_limit,30.002208754,17.028123813,False
59964,493f6f942eca3576ac0253ad50581fbe0469e8e417d3f97011c676f7789871fd,14205544,"""instance""",0.0,"['taskset', '-c', '2', '<project>/build/release/pclp', 'solve', '--instance', '<project>/data/generated/gen_sparse_degree3_n20000_uniform_neg30_r0.json', '--config', '<project>/experiments/runs/pilot/dfd3d93f723276aa/resolved_config.json', '--output', '<project>/experiments/runs/pilot/dfd3d93f723276aa/result.json']",False,forest-tuned,29108,2.355551258,30.048611673,sparse,0,0,124,gen_sparse_degree3_n20000_uniform_neg30_r0,data/generated/gen_sparse_degree3_n20000_uniform_neg30_r0.json,ddbf6fbbbcad0c986a5872181b04ee88907a56ff9f49139bd3c3330812bb5ca5,31545,0,residual oracle did not certify optimality,20000,0.0,1,generated,29495296,31668,0.005523784,0.193223223,1.762221994,345053934,0,0,dfd3d93f723276aa,30.058476007005083,time_limit,30.000666242,24.391205432,False
59964,493f6f942eca3576ac0253ad50581fbe0469e8e417d3f97011c676f7789871fd,0,"""instance""",0.003267781,"['taskset', '-c', '2', '<project>/build/release/pclp', 'solve', '--instance', '<project>/data/generated/gen_sparse_degree3_n20000_uniform_neg30_r0.json', '--config', '<project>/experiments/runs/pilot/fcce45e08cdc18fd/resolved_config.json', '--output', '<project>/experiments/runs/pilot/fcce45e08cdc18fd/result.json']",False,parametric,0,0.0,3.291982549,sparse,147010,2301,0,gen_sparse_degree3_n20000_uniform_neg30_r0,data/generated/gen_sparse_degree3_n20000_uniform_neg30_r0.json,ddbf6fbbbcad0c986a5872181b04ee88907a56ff9f49139bd3c3330812bb5ca5,0,1150,,20000,233943.67182410424,2300,generated,35020800,0,0.005666319,0.0,0.0,0,0,0,fcce45e08cdc18fd,3.3134784779977053,optimal,3.236758085,0.0,True
5976,493f6f942eca3576ac0253ad50581fbe0469e8e417d3f97011c676f7789871fd,0,"""instance""",0.000354615,"['taskset', '-c', '2', '<project>/build/release/pclp', 'solve', '--instance', '<project>/data/generated/gen_sparse_degree3_n2000_uniform_neg30_r0.json', '--config', '<project>/experiments/runs/pilot/fbaae1ee24b15f89/resolved_config.json', '--output', '<project>/experiments/runs/pilot/fbaae1ee24b15f89/result.json']",False,dinkelbach,0,0.0,0.679522611,sparse,392818,2348,0,gen_sparse_degree3_n2000_uniform_neg30_r0,data/generated/gen_sparse_degree3_n2000_uniform_neg30_r0.json,214504eb0a3c0949393dfc52c669f121f626a4633f0c7ebc3564b6133474ef1d,0,230,,2000,24468.069668820677,231,generated,26750976,0,0.00085534,0.0,0.0,0,0,0,fbaae1ee24b15f89,0.6859536849951837,optimal,0.671934158,0.0,True
5976,493f6f942eca3576ac0253ad50581fbe0469e8e417d3f97011c676f7789871fd,470588588,"""instance""",0.0,"['taskset', '-c', '2', '<project>/build/release/pclp', 'solve', '--instance', '<project>/data/generated/gen_sparse_degree3_n2000_uniform_neg30_r0.json', '--config', '<project>/experiments/runs/pilot/5544546ab69f5c0a/resolved_config.json', '--output', '<project>/experiments/runs/pilot/5544546ab69f5c0a/result.json']",False,forest-reference,235373,1.569707005,30.007789993,sparse,0,0,235413,gen_sparse_degree3_n2000_uniform_neg30_r0,data/generated/gen_sparse_degree3_n2000_uniform_neg30_r0.json,214504eb0a3c0949393dfc52c669f121f626a4633f0c7ebc3564b6133474ef1d,0,0,residual oracle did not certify optimality,2000,0.0,1,generated,26750976,235412,0.00089256,3.868113411,8.864932635,470826000,0,0,5544546ab69f5c0a,30.01472376799211,time_limit,30.000204372,15.142988479,False
5976,493f6f942eca3576ac0253ad50581fbe0469e8e417d3f97011c676f7789871fd,5535340,"""instance""",0.000492954,"['taskset', '-c', '2', '<project>/build/release/pclp', 'solve', '--instance', '<project>/data/generated/gen_sparse_degree3_n2000_uniform_neg30_r0.json', '--config', '<project>/experiments/runs/pilot/524d54c0be169417/resolved_config.json', '--output', '<project>/experiments/runs/pilot/524d54c0be169417/result.json']",False,forest-tuned,88067,0.162048615,1.016537685,sparse,0,0,577,gen_sparse_degree3_n2000_uniform_neg30_r0,data/generated/gen_sparse_degree3_n2000_uniform_neg30_r0.json,214504eb0a3c0949393dfc52c669f121f626a4633f0c7ebc3564b6133474ef1d,88420,230,,2000,24468.069668820677,231,generated,26750976,88766,0.000530664,0.100228507,0.164116372,10752244,0,0,524d54c0be169417,1.0244326499960152,optimal,1.010938776,0.483656329,True
5976,493f6f942eca3576ac0253ad50581fbe0469e8e417d3f97011c676f7789871fd,0,"""instance""",0.000361174,"['taskset', '-c', '2', '<project>/build/release/pclp', 'solve', '--instance', '<project>/data/generated/gen_sparse_degree3_n2000_uniform_neg30_r0.json', '--config', '<project>/experiments/runs/pilot/32190b2371c2ffea/resolved_config.json', '--output', '<project>/experiments/runs/pilot/32190b2371c2ffea/result.json']",False,parametric,0,0.0,0.054596593,sparse,9757,461,0,gen_sparse_degree3_n2000_uniform_neg30_r0,data/generated/gen_sparse_degree3_n2000_uniform_neg30_r0.json,214504eb0a3c0949393dfc52c669f121f626a4633f0c7ebc3564b6133474ef1d,0,230,,2000,24468.069668820677,460,generated,26750976,0,0.000555759,0.0,0.0,0,0,0,32190b2371c2ffea,0.06069146600202657,optimal,0.049549171,0.0,True
15972,493f6f942eca3576ac0253ad50581fbe0469e8e417d3f97011c676f7789871fd,0,"""instance""",0.000571512,"['taskset', '-c', '2', '<project>/build/release/pclp', 'solve', '--instance', '<project>/data/generated/gen_transitive_degree2-extra3.0_n2000_uniform_neg30_r0.json', '--config', '<project>/experiments/runs/pilot/f3bd7ad51d325a44/resolved_config.json', '--output', '<project>/experiments/runs/pilot/f3bd7ad51d325a44/result.json']",False,dinkelbach,0,0.0,1.519608213,transitive,586132,2964,0,gen_transitive_degree2-extra3.0_n2000_uniform_neg30_r0,data/generated/gen_transitive_degree2-extra3.0_n2000_uniform_neg30_r0.json,0d1568793b2918c1a2f07502c54b5a1eb160459ad27d264f03919d701a5eabf4,0,282,,2000,27158.898265651438,283,generated,26750976,0,0.001106503,0.0,0.0,0,0,0,f3bd7ad51d325a44,1.527853738007252,optimal,1.508704099,0.0,True
15972,493f6f942eca3576ac0253ad50581fbe0469e8e417d3f97011c676f7789871fd,524242669,"""instance""",0.0,"['taskset', '-c', '2', '<project>/build/release/pclp', 'solve', '--instance', '<project>/data/generated/gen_transitive_degree2-extra3.0_n2000_uniform_neg30_r0.json', '--config', '<project>/experiments/runs/pilot/8ab273d677e8302b/resolved_config.json', '--output', '<project>/experiments/runs/pilot/8ab273d677e8302b/result.json']",False,forest-reference,276529,0.867274778,30.010316532,transitive,0,0,276667,gen_transitive_degree2-extra3.0_n2000_uniform_neg30_r0,data/generated/gen_transitive_degree2-extra3.0_n2000_uniform_neg30_r0.json,0d1568793b2918c1a2f07502c54b5a1eb160459ad27d264f03919d701a5eabf4,0,12,residual oracle did not certify optimality,2000,0.0,15,generated,26750976,276652,0.001164488,3.382152958,13.083905163999999,524521012,0,0,8ab273d677e8302b,30.01675510700443,time_limit,30.000108762,12.275193036,False
15972,493f6f942eca3576ac0253ad50581fbe0469e8e417d3f97011c676f7789871fd,15141421,"""instance""",0.000603043,"['taskset', '-c', '2', '<project>/build/release/pclp', 'solve', '--instance', '<project>/data/generated/gen_transitive_degree2-extra3.0_n2000_uniform_neg30_r0.json', '--config', '<project>/experiments/runs/pilot/5814e4a63dd4c34e/resolved_config.json', '--output', '<project>/experiments/runs/pilot/5814e4a63dd4c34e/result.json']",False,forest-tuned,163556,0.266256185,1.837526597,transitive,0,0,925,gen_transitive_degree2-extra3.0_n2000_uniform_neg30_r0,data/generated/gen_transitive_degree2-extra3.0_n2000_uniform_neg30_r0.json,0d1568793b2918c1a2f07502c54b5a1eb160459ad27d264f03919d701a5eabf4,163812,282,,2000,27158.898265651438,283,generated,26750976,164454,0.001170036,0.16579228099999999,0.292129922,22039754,0,0,5814e4a63dd4c34e,1.846639650000725,optimal,1.826503357,0.9204244389999999,True
15972,493f6f942eca3576ac0253ad50581fbe0469e8e417d3f97011c676f7789871fd,0,"""instance""",0.000611836,"['taskset', '-c', '2', '<project>/build/release/pclp', 'solve', '--instance', '<project>/data/generated/gen_transitive_degree2-extra3.0_n2000_uniform_neg30_r0.json', '--config', '<project>/experiments/runs/pilot/0d660c4c49d8d2c4/resolved_config.json', '--output', '<project>/experiments/runs/pilot/0d660c4c49d8d2c4/result.json']",False,parametric,0,0.0,0.10628364,transitive,11076,565,0,gen_transitive_degree2-extra3.0_n2000_uniform_neg30_r0,data/generated/gen_transitive_degree2-extra3.0_n2000_uniform_neg30_r0.json,0d1568793b2918c1a2f07502c54b5a1eb160459ad27d264f03919d701a5eabf4,0,282,,2000,27158.898265651438,564,generated,26750976,0,0.00116928,0.0,0.0,0,0,0,0d660c4c49d8d2c4,0.11448552300862502,optimal,0.095148514,0.0,True
3922,493f6f942eca3576ac0253ad50581fbe0469e8e417d3f97011c676f7789871fd,0,"""instance""",0.00023243,"['taskset', '-c', '2', '<project>/build/release/pclp', 'solve', '--instance', '<project>/data/processed/minelib_newman1.json', '--config', '<project>/experiments/runs/pilot/faf699ddd8f08267/resolved_config.json', '--output', '<project>/experiments/runs/pilot/faf699ddd8f08267/result.json']",False,dinkelbach,0,0.0,0.178699579,minelib-derived,95907,323,0,minelib_newman1,data/processed/minelib_newman1.json,35f28a77d150ed9feaf7f377f59222172fa0f076d4d1ce6cde7000a84bd651a9,0,46,,1060,26086899.02597,47,DATA/MINELIB/INSTANCES.zip,26750976,0,0.0004316,0.0,0.0,0,0,0,faf699ddd8f08267,0.18652670699520968,optimal,0.174934645,0.0,True
3922,493f6f942eca3576ac0253ad50581fbe0469e8e417d3f97011c676f7789871fd,117391956,"""instance""",0.000223805,"['taskset', '-c', '2', '<project>/build/release/pclp', 'solve', '--instance', '<project>/data/processed/minelib_newman1.json', '--config', '<project>/experiments/runs/pilot/7da072f92bb0200b/resolved_config.json', '--output', '<project>/experiments/runs/pilot/7da072f92bb0200b/result.json']",False,forest-reference,118535,0.262624982,6.28365933,minelib-derived,0,0,118782,minelib_newman1,data/processed/minelib_newman1.json,35f28a77d150ed9feaf7f377f59222172fa0f076d4d1ce6cde7000a84bd651a9,0,46,,1060,26086899.02597,47,DATA/MINELIB/INSTANCES.zip,26750976,118735,0.000381604,0.88985803,1.7217698750000001,117510738,0,0,7da072f92bb0200b,6.291523310996126,optimal,6.280281802,3.254163334,True
3922,493f6f942eca3576ac0253ad50581fbe0469e8e417d3f97011c676f7789871fd,7080786,"""instance""",0.000205662,"['taskset', '-c', '2', '<project>/build/release/pclp', 'solve', '--instance', '<project>/data/processed/minelib_newman1.json', '--config', '<project>/experiments/runs/pilot/a5d5d67fa7e42837/resolved_config.json', '--output', '<project>/experiments/runs/pilot/a5d5d67fa7e42837/result.json']",False,forest-tuned,48903,0.097903411,1.007323356,minelib-derived,0,0,238,minelib_newman1,data/processed/minelib_newman1.json,35f28a77d150ed9feaf7f377f59222172fa0f076d4d1ce6cde7000a84bd651a9,48783,46,,1060,26086899.02597,47,DATA/MINELIB/INSTANCES.zip,26750976,48974,0.000419064,0.082076335,0.08565882,19513675,0,0,a5d5d67fa7e42837,1.0145463950029807,optimal,1.003714714,0.675689632,True
3922,493f6f942eca3576ac0253ad50581fbe0469e8e417d3f97011c676f7789871fd,0,"""instance""",0.000231028,"['taskset', '-c', '2', '<project>/build/release/pclp', 'solve', '--instance', '<project>/data/processed/minelib_newman1.json', '--config', '<project>/experiments/runs/pilot/bb1ad4a5ea4834d7/resolved_config.json', '--output', '<project>/experiments/runs/pilot/bb1ad4a5ea4834d7/result.json']",False,parametric,0,0.0,0.017990037,minelib-derived,5607,93,0,minelib_newman1,data/processed/minelib_newman1.json,35f28a77d150ed9feaf7f377f59222172fa0f076d4d1ce6cde7000a84bd651a9,0,46,,1060,26086899.02597,92,DATA/MINELIB/INSTANCES.zip,26750976,0,0.000430261,0.0,0.0,0,0,0,bb1ad4a5ea4834d7,0.022859966004034504,optimal,0.014022069,0.0,True
1661,493f6f942eca3576ac0253ad50581fbe0469e8e417d3f97011c676f7789871fd,0,"""instance""",0.000137342,"['taskset', '-c', '2', '<project>/build/release/pclp', 'solve', '--instance', '<project>/data/processed/pckp_A_972_1661.json', '--config', '<project>/experiments/runs/pilot/981d5200a75b1938/resolved_config.json', '--output', '<project>/experiments/runs/pilot/981d5200a75b1938/result.json']",True,dinkelbach,0,0.0,0.092320318,pckp-historical,72591,639,0,pckp_A_972_1661,data/processed/pckp_A_972_1661.json,f05a9f948a8afe670e0d40337dd536029134e287f4003e0067f40df3bad0de94,0,86,,972,1734.88179178764,86,DATA/INSTANCES/PCKP_BB/instances,26750976,0,0.000267235,0.0,0.0,0,0,0,981d5200a75b1938,0.09832336399995256,optimal,0.090401252,0.0,True
1661,493f6f942eca3576ac0253ad50581fbe0469e8e417d3f97011c676f7789871fd,11125866,"""instance""",0.000151206,"['taskset', '-c', '2', '<project>/build/release/pclp', 'solve', '--instance', '<project>/data/processed/pckp_A_972_1661.json', '--config', '<project>/experiments/runs/pilot/f6bd56e6b42bf4d7/resolved_config.json', '--output', '<project>/experiments/runs/pilot/f6bd56e6b42bf4d7/result.json']",True,forest-reference,18957,0.017811924,0.484096562,pckp-historical,0,0,19496,pckp_A_972_1661,data/processed/pckp_A_972_1661.json,f05a9f948a8afe670e0d40337dd536029134e287f4003e0067f40df3bad0de94,0,86,,972,1734.88179178764,90,DATA/INSTANCES/PCKP_BB/instances,26750976,19406,0.000265593,0.093433679,0.075080795,11145362,0,0,f6bd56e6b42bf4d7,0.48924276100296993,optimal,0.482158973,0.28363069,True
1661,493f6f942eca3576ac0253ad50581fbe0469e8e417d3f97011c676f7789871fd,530392,"""instance""",0.000136859,"['taskset', '-c', '2', '<project>/build/release/pclp', 'solve', '--instance', '<project>/data/processed/pckp_A_972_1661.json', '--config', '<project>/experiments/runs/pilot/6586bef96a932b4f/resolved_config.json', '--output', '<project>/experiments/runs/pilot/6586bef96a932b4f/result.json']",True,forest-tuned,8401,0.008284114,0.068099675,pckp-historical,0,0,119,pckp_A_972_1661,data/processed/pckp_A_972_1661.json,f05a9f948a8afe670e0d40337dd536029134e287f4003e0067f40df3bad0de94,8470,86,,972,1734.88179178764,86,DATA/INSTANCES/PCKP_BB/instances,26750976,8503,0.000243831,0.006982474,0.008090095,862198,0,0,6586bef96a932b4f,0.07403385300131049,optimal,0.066195632,0.033830749,True
1661,493f6f942eca3576ac0253ad50581fbe0469e8e417d3f97011c676f7789871fd,0,"""instance""",0.00013399,"['taskset', '-c', '2', '<project>/build/release/pclp', 'solve', '--instance', '<project>/data/processed/pckp_A_972_1661.json', '--config', '<project>/experiments/runs/pilot/967de189a02758e9/resolved_config.json', '--output', '<project>/experiments/runs/pilot/967de189a02758e9/result.json']",False,parametric,0,0.0,0.01364636,pckp-historical,5365,172,0,pckp_A_972_1661,data/processed/pckp_A_972_1661.json,f05a9f948a8afe670e0d40337dd536029134e287f4003e0067f40df3bad0de94,0,86,,972,1734.88179178764,172,DATA/INSTANCES/PCKP_BB/instances,26750976,0,0.000263918,0.0,0.0,0,0,0,967de189a02758e9,0.018756842997390777,optimal,0.01189054,0.0,True
2101,493f6f942eca3576ac0253ad50581fbe0469e8e417d3f97011c676f7789871fd,0,"""instance""",9.2424e-05,"['taskset', '-c', '2', '<project>/build/release/pclp', 'solve', '--instance', '<project>/data/processed/pckp_L_349_2101.json', '--config', '<project>/experiments/runs/pilot/4e0b40787c029786/resolved_config.json', '--output', '<project>/experiments/runs/pilot/4e0b40787c029786/result.json']",False,dinkelbach,0,0.0,0.003524659,pckp-historical,1444,14,0,pckp_L_349_2101,data/processed/pckp_L_349_2101.json,133b20b4048f61a8ba6dcb1a3e972eb62d8f29d7d3b064b5f5ea8e8912a00d00,0,3,,349,234465988.7824999,4,DATA/INSTANCES/PCKP_BB/instances,22917120,0,0.000178996,0.0,0.0,0,0,0,4e0b40787c029786,0.008013247002963908,optimal,0.001877396,0.0,True
2101,493f6f942eca3576ac0253ad50581fbe0469e8e417d3f97011c676f7789871fd,2543774,"""instance""",9.6489e-05,"['taskset', '-c', '2', '<project>/build/release/pclp', 'solve', '--instance', '<project>/data/processed/pckp_L_349_2101.json', '--config', '<project>/experiments/runs/pilot/fd395c6c3c072dcf/resolved_config.json', '--output', '<project>/experiments/runs/pilot/fd395c6c3c072dcf/result.json']",False,forest-reference,7775,0.018331482,0.205604169,pckp-historical,0,0,7803,pckp_L_349_2101,data/processed/pckp_L_349_2101.json,133b20b4048f61a8ba6dcb1a3e972eb62d8f29d7d3b064b5f5ea8e8912a00d00,0,3,,349,234465988.7824999,4,DATA/INSTANCES/PCKP_BB/instances,22589440,7799,0.000174765,0.023213403,0.069889742,2551577,0,0,fd395c6c3c072dcf,0.2119241280015558,optimal,0.203932955,0.085554795,True
2101,493f6f942eca3576ac0253ad50581fbe0469e8e417d3f97011c676f7789871fd,61170,"""instance""",9.3159e-05,"['taskset', '-c', '2', '<project>/build/release/pclp', 'solve', '--instance', '<project>/data/processed/pckp_L_349_2101.json', '--config', '<project>/experiments/runs/pilot/bc82cf1aae653325/resolved_config.json', '--output', '<project>/experiments/runs/pilot/bc82cf1aae653325/result.json']",False,forest-tuned,1349,0.0031616220000000002,0.025001033,pckp-historical,0,0,9,pckp_L_349_2101,data/processed/pckp_L_349_2101.json,133b20b4048f61a8ba6dcb1a3e972eb62d8f29d7d3b064b5f5ea8e8912a00d00,1356,3,,349,234465988.7824999,4,DATA/INSTANCES/PCKP_BB/instances,22753280,1361,0.000179149,0.000996045,0.002456033,419567,0,0,bc82cf1aae653325,0.02970520498638507,optimal,0.023270732,0.014984256,True
2101,493f6f942eca3576ac0253ad50581fbe0469e8e417d3f97011c676f7789871fd,0,"""instance""",8.2276e-05,"['taskset', '-c', '2', '<project>/build/release/pclp', 'solve', '--instance', '<project>/data/processed/pckp_L_349_2101.json', '--config', '<project>/experiments/runs/pilot/e8ac88767e1573bf/resolved_config.json', '--output', '<project>/experiments/runs/pilot/e8ac88767e1573bf/result.json']",False,parametric,0,0.0,0.003167039,pckp-historical,1081,7,0,pckp_L_349_2101,data/processed/pckp_L_349_2101.json,133b20b4048f61a8ba6dcb1a3e972eb62d8f29d7d3b064b5f5ea8e8912a00d00,0,3,,349,234465988.7824999,6,DATA/INSTANCES/PCKP_BB/instances,22917120,0,0.000197746,0.0,0.0,0,0,0,e8ac88767e1573bf,0.00652831701154355,optimal,0.001446661,0.0,True
